{
  "EXP-044_frozen_w003": {
    "n_cases": 250,
    "tests": {
      "dice": {
        "diff": 0.002948752949419098,
        "p_value": 0.0034,
        "ci_low": 0.0007937968330651607,
        "ci_high": 0.005104548837871374,
        "significant": true,
        "sig_label": "**"
      },
      "cldice": {
        "diff": -0.010176882595198222,
        "p_value": 1.0,
        "ci_low": -0.013910151964766682,
        "ci_high": -0.006504747084088668,
        "significant": false,
        "sig_label": "ns"
      },
      "bcs": {
        "diff": 0.025992269330926243,
        "p_value": 0.0,
        "ci_low": 0.014595617205051464,
        "ci_high": 0.037704957811653235,
        "significant": true,
        "sig_label": "***"
      },
      "hd95": {
        "diff": -1.804948090405329,
        "p_value": 0.0019,
        "ci_low": -2.9362729669505514,
        "ci_high": -0.6533302833442686,
        "significant": true,
        "sig_label": "**"
      },
      "betti_error": {
        "diff": 4.0680000000000005,
        "p_value": 1.0,
        "ci_low": 3.388,
        "ci_high": 4.803999999999999,
        "significant": false,
        "sig_label": "ns"
      }
    }
  },
  "EXP-048_frozen_w005": {
    "n_cases": 250,
    "tests": {
      "dice": {
        "diff": 0.00230048620186063,
        "p_value": 0.025,
        "ci_low": 9.292411152107615e-07,
        "ci_high": 0.0045863451868233705,
        "significant": true,
        "sig_label": "*"
      },
      "cldice": {
        "diff": -0.01062147899493504,
        "p_value": 1.0,
        "ci_low": -0.014460868898388157,
        "ci_high": -0.006819281841287209,
        "significant": false,
        "sig_label": "ns"
      },
      "bcs": {
        "diff": 0.03139574249898447,
        "p_value": 0.0,
        "ci_low": 0.019192536829007303,
        "ci_high": 0.04351689567645273,
        "significant": true,
        "sig_label": "***"
      },
      "hd95": {
        "diff": -1.7121758462895489,
        "p_value": 0.0031,
        "ci_low": -2.8542983843492253,
        "ci_high": -0.5331267296477759,
        "significant": true,
        "sig_label": "**"
      },
      "betti_error": {
        "diff": 3.732,
        "p_value": 1.0,
        "ci_low": 3.0839999999999996,
        "ci_high": 4.404,
        "significant": false,
        "sig_label": "ns"
      }
    }
  },
  "EXP-046_frozen_w010": {
    "n_cases": 250,
    "tests": {
      "dice": {
        "diff": -0.004941525574842398,
        "p_value": 1.0,
        "ci_low": -0.007486382303104772,
        "ci_high": -0.0023876226430721444,
        "significant": false,
        "sig_label": "ns"
      },
      "cldice": {
        "diff": -0.022737805236611397,
        "p_value": 1.0,
        "ci_low": -0.027152344085827323,
        "ci_high": -0.018359791996084656,
        "significant": false,
        "sig_label": "ns"
      },
      "bcs": {
        "diff": 0.03976080563459117,
        "p_value": 0.0,
        "ci_low": 0.02643771170885715,
        "ci_high": 0.05306056961320116,
        "significant": true,
        "sig_label": "***"
      },
      "hd95": {
        "diff": -0.32892105975409613,
        "p_value": 0.2892,
        "ci_low": -1.53168568417519,
        "ci_high": 0.9081152114145506,
        "significant": false,
        "sig_label": "ns"
      },
      "betti_error": {
        "diff": 7.819999999999999,
        "p_value": 1.0,
        "ci_low": 6.904000000000001,
        "ci_high": 8.764,
        "significant": false,
        "sig_label": "ns"
      }
    }
  },
  "EXP-049_partial_w003": {
    "n_cases": 250,
    "tests": {
      "dice": {
        "diff": 0.0037449155947443247,
        "p_value": 0.0016,
        "ci_low": 0.001292768446944928,
        "ci_high": 0.006159338976346776,
        "significant": true,
        "sig_label": "**"
      },
      "cldice": {
        "diff": -0.009096988274199913,
        "p_value": 1.0,
        "ci_low": -0.012710784532135765,
        "ci_high": -0.005534575070609162,
        "significant": false,
        "sig_label": "ns"
      },
      "bcs": {
        "diff": 0.02418971609873488,
        "p_value": 0.0,
        "ci_low": 0.012185788311362553,
        "ci_high": 0.03616479072365103,
        "significant": true,
        "sig_label": "***"
      },
      "hd95": {
        "diff": -1.1522511438873178,
        "p_value": 0.0451,
        "ci_low": -2.3880099428329977,
        "ci_high": 0.18033195174205663,
        "significant": true,
        "sig_label": "*"
      },
      "betti_error": {
        "diff": 3.0599999999999996,
        "p_value": 1.0,
        "ci_low": 2.5280000000000005,
        "ci_high": 3.595999999999999,
        "significant": false,
        "sig_label": "ns"
      }
    }
  },
  "EXP-047_partial_w005": {
    "n_cases": 250,
    "tests": {
      "dice": {
        "diff": 0.0023459524379377816,
        "p_value": 0.0465,
        "ci_low": -0.00039378169109170746,
        "ci_high": 0.005026297511001796,
        "significant": true,
        "sig_label": "*"
      },
      "cldice": {
        "diff": -0.00622367942246238,
        "p_value": 0.9998,
        "ci_low": -0.009824113632734641,
        "ci_high": -0.002753059232230465,
        "significant": false,
        "sig_label": "ns"
      },
      "bcs": {
        "diff": 0.03392854190777894,
        "p_value": 0.0,
        "ci_low": 0.019837350599523736,
        "ci_high": 0.04802099302582584,
        "significant": true,
        "sig_label": "***"
      },
      "hd95": {
        "diff": -2.135556063087366,
        "p_value": 0.0,
        "ci_low": -3.0391989312619585,
        "ci_high": -1.170927784016857,
        "significant": true,
        "sig_label": "***"
      },
      "betti_error": {
        "diff": 2.752,
        "p_value": 1.0,
        "ci_low": 2.2279999999999998,
        "ci_high": 3.2960000000000003,
        "significant": false,
        "sig_label": "ns"
      }
    }
  },
  "EXP-050_partial_w010": {
    "n_cases": 250,
    "tests": {
      "dice": {
        "diff": -0.0003507675204111882,
        "p_value": 0.6167,
        "ci_low": -0.0027216793175084547,
        "ci_high": 0.0019695839629141417,
        "significant": false,
        "sig_label": "ns"
      },
      "cldice": {
        "diff": -0.009183753713578935,
        "p_value": 1.0,
        "ci_low": -0.01255574498789099,
        "ci_high": -0.005923981550601401,
        "significant": false,
        "sig_label": "ns"
      },
      "bcs": {
        "diff": 0.0231414194644205,
        "p_value": 0.0001,
        "ci_low": 0.009506904983405806,
        "ci_high": 0.03677665162732813,
        "significant": true,
        "sig_label": "***"
      },
      "hd95": {
        "diff": -2.0591715960938632,
        "p_value": 0.0,
        "ci_low": -2.9457881841596953,
        "ci_high": -1.116309247137326,
        "significant": true,
        "sig_label": "***"
      },
      "betti_error": {
        "diff": 2.572,
        "p_value": 1.0,
        "ci_low": 2.0680000000000005,
        "ci_high": 3.0840000000000005,
        "significant": false,
        "sig_label": "ns"
      }
    }
  },
  "EXP-045_full_w010": {
    "n_cases": 250,
    "tests": {
      "dice": {
        "diff": -0.041800886314538155,
        "p_value": 1.0,
        "ci_low": -0.04873647663880232,
        "ci_high": -0.03511720901162716,
        "significant": false,
        "sig_label": "ns"
      },
      "cldice": {
        "diff": -0.08904712862217046,
        "p_value": 1.0,
        "ci_low": -0.09897043615877768,
        "ci_high": -0.07927416582968984,
        "significant": false,
        "sig_label": "ns"
      },
      "bcs": {
        "diff": 0.04910013553501735,
        "p_value": 0.0,
        "ci_low": 0.03495282153881335,
        "ci_high": 0.06362148814233358,
        "significant": true,
        "sig_label": "***"
      },
      "hd95": {
        "diff": 23.030967509209034,
        "p_value": 1.0,
        "ci_low": 20.133172547855395,
        "ci_high": 25.973444994478516,