{
  "zeroshot_EXP-044_frozen_w003": {
    "n_cases": 40,
    "tests": {
      "dice": {
        "diff": -0.031024520683675394,
        "bootstrap_p": 1.0,
        "ci_low": -0.03965851405957146,
        "ci_high": -0.022137572863130693,
        "wilcoxon_p": 0.9999999909450707,
        "wilcoxon_stat": 42.0,
        "significant_boot": false,
        "significant_wilc": false,
        "sig_boot": "ns",
        "sig_wilc": "ns"
      },
      "cldice": {
        "diff": -0.03413022429317225,
        "bootstrap_p": 0.9992,
        "ci_low": -0.04749420243216183,
        "ci_high": -0.015363904207827177,
        "wilcoxon_p": 0.9999996770166035,
        "wilcoxon_stat": 73.0,
        "significant_boot": false,
        "significant_wilc": false,
        "sig_boot": "ns",
        "sig_wilc": "ns"
      },
      "bcs": {
        "diff": 0.03373171983824497,
        "bootstrap_p": 0.0397,
        "ci_low": -0.0036434585698920125,
        "ci_high": 0.0720722233586603,
        "wilcoxon_p": 0.049360228833889304,
        "wilcoxon_stat": 275.5,
        "significant_boot": true,
        "significant_wilc": true,
        "sig_boot": "*",
        "sig_wilc": "*"
      },
      "hd95": {
        "diff": 4.020316928317339,
        "bootstrap_p": 1.0,
        "ci_low": 2.5349044830142557,
        "ci_high": 5.550977682856088,
        "wilcoxon_p": 0.9999999776264303,
        "wilcoxon_stat": 49.0,
        "significant_boot": false,
        "significant_wilc": false,
        "sig_boot": "ns",
        "sig_wilc": "ns"
      },
      "betti_error": {
        "diff": 4.925000000000001,
        "bootstrap_p": 1.0,
        "ci_low": 3.4250000000000007,
        "ci_high": 6.5,
        "wilcoxon_p": 0.9999987931951136,
        "wilcoxon_stat": 46.0,
        "significant_boot": false,
        "significant_wilc": false,
        "sig_boot": "ns",
        "sig_wilc": "ns"
      }
    }
  },
  "zeroshot_EXP-048_frozen_w005": {
    "n_cases": 40,
    "tests": {
      "dice": {
        "diff": -0.0350634380994122,
        "bootstrap_p": 1.0,
        "ci_low": -0.04366989672030809,
        "ci_high": -0.026300254029237236,
        "wilcoxon_p": 0.9999999981491783,
        "wilcoxon_stat": 31.0,
        "significant_boot": false,
        "significant_wilc": false,
        "sig_boot": "ns",
        "sig_wilc": "ns"
      },
      "cldice": {
        "diff": -0.039757394733222706,
        "bootstrap_p": 0.9999,
        "ci_low": -0.052889582917143234,
        "ci_high": -0.02191460039057867,
        "wilcoxon_p": 0.999999873226443,
        "wilcoxon_stat": 64.0,
        "significant_boot": false,
        "significant_wilc": false,
        "sig_boot": "ns",
        "sig_wilc": "ns"
      },
      "bcs": {
        "diff": 0.030125226169823383,
        "bootstrap_p": 0.0599,
        "ci_low": -0.007960116529889429,
        "ci_high": 0.06929542968975133,
        "wilcoxon_p": 0.06971584155376914,
        "wilcoxon_stat": 250.5,
        "significant_boot": false,
        "significant_wilc": false,
        "sig_boot": "ns",
        "sig_wilc": "ns"
      },
      "hd95": {
        "diff": 5.3051331439118385,
        "bootstrap_p": 1.0,
        "ci_low": 3.462064659313362,
        "ci_high": 7.33601631146711,
        "wilcoxon_p": 0.9999999970777935,
        "wilcoxon_stat": 34.0,
        "significant_boot": false,
        "significant_wilc": false,
        "sig_boot": "ns",
        "sig_wilc": "ns"
      },
      "betti_error": {
        "diff": 6.65,
        "bootstrap_p": 1.0,
        "ci_low": 4.75,
        "ci_high": 8.649999999999999,
        "wilcoxon_p": 0.9999997152588522,
        "wilcoxon_stat": 15.0,
        "significant_boot": false,
        "significant_wilc": false,
        "sig_boot": "ns",
        "sig_wilc": "ns"
      }
    }
  },
  "zeroshot_EXP-046_frozen_w010": {
    "n_cases": 40,
    "tests": {
      "dice": {
        "diff": -0.05119117092852815,
        "bootstrap_p": 1.0,
        "ci_low": -0.060441482666720066,
        "ci_high": -0.041960949368274256,
        "wilcoxon_p": 0.9999999999990905,
        "wilcoxon_stat": 1.0,
        "significant_boot": false,
        "significant_wilc": false,
        "sig_boot": "ns",
        "sig_wilc": "ns"
      },
      "cldice": {
        "diff": -0.06407881389977099,
        "bootstrap_p": 1.0,
        "ci_low": -0.07818506917030812,
        "ci_high": -0.046200947938944505,
        "wilcoxon_p": 0.9999999896499503,
        "wilcoxon_stat": 43.0,
        "significant_boot": false,
        "significant_wilc": false,
        "sig_boot": "ns",
        "sig_wilc": "ns"
      },
      "bcs": {
        "diff": 0.044043105037190555,
        "bootstrap_p": 0.0087,
        "ci_low": 0.007074110445713825,
        "ci_high": 0.08314282456806832,
        "wilcoxon_p": 0.013498390878414127,
        "wilcoxon_stat": 340.0,
        "significant_boot": true,
        "significant_wilc": true,
        "sig_boot": "**",
        "sig_wilc": "*"
      },
      "hd95": {
        "diff": 10.135537406140369,
        "bootstrap_p": 1.0,
        "ci_low": 7.3809398746414665,
        "ci_high": 13.128797141492937,
        "wilcoxon_p": 0.9999999999936335,
        "wilcoxon_stat": 5.0,
        "significant_boot": false,
        "significant_wilc": false,
        "sig_boot": "ns",
        "sig_wilc": "ns"
      },
      "betti_error": {
        "diff": 14.3,
        "bootstrap_p": 1.0,
        "ci_low": 11.099375000000007,
        "ci_high": 17.65,
        "wilcoxon_p": 0.9999999620531292,
        "wilcoxon_stat": 0.0,
        "significant_boot": false,
        "significant_wilc": false,
        "sig_boot": "ns",
        "sig_wilc": "ns"
      }
    }
  },
  "zeroshot_EXP-049_partial_w003": {
    "n_cases": 40,
    "tests": {
      "dice": {
        "diff": -0.02792169158182406,
        "bootstrap_p": 1.0,
        "ci_low": -0.03780538056361024,
        "ci_high": -0.017949348234382153,
        "wilcoxon_p": 0.9999984026853781,
        "wilcoxon_stat": 90.0,
        "significant_boot": false,
        "significant_wilc": false,
        "sig_boot": "ns",
        "sig_wilc": "ns"
      },
      "cldice": {
        "diff": -0.03332931939309747,
        "bootstrap_p": 0.9996,
        "ci_low": -0.0471723032843041,
        "ci_high": -0.0154493236977459,
        "wilcoxon_p": 0.999999707918505,
        "wilcoxon_stat": 72.0,
        "significant_boot": false,
        "significant_wilc": false,
        "sig_boot": "ns",
        "sig_wilc": "ns"
      },
      "bcs": {
        "diff": 0.021736959132385825,
        "bootstrap_p": 0.1278,
        "ci_low": -0.013811761305112533,
        "ci_high": 0.060346415640668484,
        "wilcoxon_p": 0.2869551955843689,
        "wilcoxon_stat": 243.5,
        "significant_boot": false,
        "significant_wilc": false,
        "sig_boot": "ns",
        "sig_wilc": "ns"
      },
      "hd95": {
        "diff": 6.850152527791181,
        "bootstrap_p": 1.0,
        "ci_low": 4.488915415334672,
        "ci_high": 9.368513664930163,
        "wilcoxon_p": 0.9999999990277502,
        "wilcoxon_stat": 27.0,
        "significant_boot": false,
        "significant_wilc": false,
        "sig_boot": "ns",
        "sig_wilc": "ns"
      },
      "betti_error": {
        "diff": 7.35,
        "bootstrap_p": 1.0,
        "ci_low": 5.774375000000009,
        "ci_high": 8.975,
        "wilcoxon_p": 0.9999999464469279,
        "wilcoxon_stat": 15.0,
        "significant_boot": false,
        "significant_wilc": false,
        "sig_boot": "ns",
        "sig_wilc": "ns"
      }
    }
  },
  "zeroshot_EXP-047_partial_w005": {
    "n_cases": 40,
    "tests": {
      "dice": {
        "diff": -0.054599404396835804,
        "bootstrap_p": 1.0,
        "ci_low": -0.06541681234041694,
        "ci_high": -0.043829097766110915,
        "wilcoxon_p": 0.9999999999872671,
        "wilcoxon_stat": 7.0,
        "significant_boot": false,
        "significant_wilc": false,
        "sig_boot": "ns",
        "sig_wilc": "ns"
      },