{
  "L1 (vesselness)": {
    "level_0": {
      "accuracy": 0.6384057971014493,
      "balanced_accuracy": 0.6384057971014492,
      "auc": 0.6842098998809774,
      "n_train": 6580,
      "n_val": 4140
    },
    "level_1": {
      "accuracy": 0.7408212560386473,
      "balanced_accuracy": 0.7408212560386473,
      "auc": 0.8132221288711523,
      "n_train": 6580,
      "n_val": 4140
    },
    "level_2": {
      "accuracy": 0.6929951690821256,
      "balanced_accuracy": 0.6929951690821257,
      "auc": 0.7716096058251067,
      "n_train": 6580,
      "n_val": 4140
    },
    "level_3": {
      "accuracy": 0.642512077294686,
      "balanced_accuracy": 0.642512077294686,
      "auc": 0.7046388480477956,
      "n_train": 6580,
      "n_val": 4140
    },
    "level_4": {
      "accuracy": 0.5838164251207729,
      "balanced_accuracy": 0.5838164251207729,
      "auc": 0.6198284674088076,
      "n_train": 6580,
      "n_val": 4140
    }
  },
  "EXP-044 (frozen, w=0.03)": {
    "level_0": {
      "accuracy": 0.6379227053140096,
      "balanced_accuracy": 0.6379227053140097,
      "auc": 0.6873040210973419,
      "n_train": 6580,
      "n_val": 4140
    },
    "level_1": {
      "accuracy": 0.7422705314009662,
      "balanced_accuracy": 0.7422705314009661,
      "auc": 0.8126767252444631,
      "n_train": 6580,
      "n_val": 4140
    },
    "level_2": {
      "accuracy": 0.6821256038647343,
      "balanced_accuracy": 0.6821256038647343,
      "auc": 0.7630370603748046,
      "n_train": 6580,
      "n_val": 4140
    },
    "level_3": {
      "accuracy": 0.6388888888888888,
      "balanced_accuracy": 0.6388888888888888,
      "auc": 0.7051501785339215,
      "n_train": 6580,
      "n_val": 4140
    },
    "level_4": {
      "accuracy": 0.5603864734299517,
      "balanced_accuracy": 0.5603864734299517,
      "auc": 0.619057387570305,
      "n_train": 6580,
      "n_val": 4140
    }
  },
  "EXP-048 (frozen, w=0.05)": {
    "level_0": {
      "accuracy": 0.6376811594202898,
      "balanced_accuracy": 0.6376811594202898,
      "auc": 0.6863793787486289,
      "n_train": 6580,
      "n_val": 4140
    },
    "level_1": {
      "accuracy": 0.7405797101449275,
      "balanced_accuracy": 0.7405797101449275,
      "auc": 0.8114190529533946,
      "n_train": 6580,
      "n_val": 4140
    },
    "level_2": {
      "accuracy": 0.6821256038647343,
      "balanced_accuracy": 0.6821256038647343,
      "auc": 0.7629487269247823,
      "n_train": 6580,
      "n_val": 4140
    },
    "level_3": {
      "accuracy": 0.6367149758454106,
      "balanced_accuracy": 0.6367149758454106,
      "auc": 0.7054400336063852,
      "n_train": 6580,
      "n_val": 4140
    },
    "level_4": {
      "accuracy": 0.5698067632850241,
      "balanced_accuracy": 0.5698067632850241,
      "auc": 0.6229150038507316,
      "n_train": 6580,
      "n_val": 4140
    }
  },
  "EXP-046 (frozen, w=0.10)": {
    "level_0": {
      "accuracy": 0.6376811594202898,
      "balanced_accuracy": 0.6376811594202898,
      "auc": 0.6863793787486289,
      "n_train": 6580,
      "n_val": 4140
    },
    "level_1": {
      "accuracy": 0.7405797101449275,
      "balanced_accuracy": 0.7405797101449275,
      "auc": 0.8114190529533946,
      "n_train": 6580,
      "n_val": 4140
    },
    "level_2": {
      "accuracy": 0.6821256038647343,
      "balanced_accuracy": 0.6821256038647343,
      "auc": 0.7629487269247823,
      "n_train": 6580,
      "n_val": 4140
    },
    "level_3": {
      "accuracy": 0.6367149758454106,
      "balanced_accuracy": 0.6367149758454106,
      "auc": 0.7054400336063852,
      "n_train": 6580,
      "n_val": 4140
    },
    "level_4": {
      "accuracy": 0.5698067632850241,
      "balanced_accuracy": 0.5698067632850241,
      "auc": 0.6229150038507316,
      "n_train": 6580,
      "n_val": 4140
    }
  },
  "EXP-049 (partial, w=0.03)": {
    "level_0": {
      "accuracy": 0.6396135265700483,
      "balanced_accuracy": 0.6396135265700482,
      "auc": 0.6864519592055823,
      "n_train": 6580,
      "n_val": 4140
    },
    "level_1": {
      "accuracy": 0.7417874396135266,
      "balanced_accuracy": 0.7417874396135267,
      "auc": 0.8101053700203039,
      "n_train": 6580,
      "n_val": 4140
    },
    "level_2": {
      "accuracy": 0.6809178743961353,
      "balanced_accuracy": 0.6809178743961353,
      "auc": 0.7606072487105884,
      "n_train": 6580,
      "n_val": 4140
    },
    "level_3": {
      "accuracy": 0.6485507246376812,
      "balanced_accuracy": 0.6485507246376812,
      "auc": 0.7065203388643841,
      "n_train": 6580,
      "n_val": 4140
    },
    "level_4": {
      "accuracy": 0.5403381642512077,
      "balanced_accuracy": 0.5403381642512077,
      "auc": 0.5813519568718057,
      "n_train": 6580,
      "n_val": 4140
    }
  },
  "EXP-047 (partial, w=0.05)": {
    "level_0": {
      "accuracy": 0.6376811594202898,
      "balanced_accuracy": 0.6376811594202898,
      "auc": 0.6868932763891806,
      "n_train": 6580,
      "n_val": 4140
    },
    "level_1": {
      "accuracy": 0.7434782608695653,
      "balanced_accuracy": 0.7434782608695651,
      "auc": 0.8113985157179864,
      "n_train": 6580,
      "n_val": 4140
    },
    "level_2": {
      "accuracy": 0.6840579710144927,
      "balanced_accuracy": 0.6840579710144927,
      "auc": 0.7628263203341968,
      "n_train": 6580,
      "n_val": 4140
    },
    "level_3": {
      "accuracy": 0.6439613526570048,
      "balanced_accuracy": 0.6439613526570048,
      "auc": 0.7000614950173867,
      "n_train": 6580,
      "n_val": 4140
    },
    "level_4": {
      "accuracy": 0.5710144927536231,
      "balanced_accuracy": 0.5710144927536231,
      "auc": 0.601822796331303,
      "n_train": 6580,
      "n_val": 4140
    }
  },
  "EXP-050 (partial, w=0.10)": {
    "level_0": {
      "accuracy": 0.636231884057971,
      "balanced_accuracy": 0.636231884057971,
      "auc": 0.6866377278349554,
      "n_train": 6580,
      "n_val": 4140
    },
    "level_1": {
      "accuracy": 0.7417874396135266,
      "balanced_accuracy": 0.7417874396135266,
      "auc": 0.8113212677075311,
      "n_train": 6580,
      "n_val": 4140
    },
    "level_2": {
      "accuracy": 0.6842995169082126,
      "balanced_accuracy": 0.6842995169082126,
      "auc": 0.7617548834278514,
      "n_train": 6580,
      "n_val": 4140
    },
    "level_3": {
      "accuracy": 0.6415458937198067,
      "balanced_accuracy": 0.6415458937198067,
      "auc": 0.697085346215781,
      "n_train": 6580,
      "n_val": 4140
    },
    "level_4": {
      "accuracy": 0.5611111111111111,
      "balanced_accuracy": 0.5611111111111111,
      "auc": 0.6082167611846251,
      "n_train": 6580,
      "n_val": 4140
    }
  },
  "EXP-052 (BitFit, w=0.05)": {
    "level_0": {
      "accuracy": 0.6384057971014493,
      "balanced_accuracy": 0.6384057971014493,
      "auc": 0.6867203435319378,
      "n_train": 6580,
      "n_val": 4140
    },
    "level_1": {
      "accuracy": 0.7415458937198067,
      "balanced_accuracy": 0.7415458937198067,
      "auc": 0.8122743821326052,
      "n_train": 6580,
      "n_val": 4140
    },
    "level_2": {
      "accuracy": 0.6855072463768116,
      "balanced_accuracy": 0.6855072463768116,
      "auc": 0.7650128357721301,
      "n_train": 6580,
      "n_val": 4140
    },
    "level_3": {
      "accuracy": 0.6333333333333333,
      "balanced_accuracy": 0.6333333333333333,
      "auc": 0.7055067796214614,
      "n_train": 6580,
      "n_val": 4140
    },
    "level_4": {
      "accuracy": 0.558695652173913,
      "balanced_accuracy": 0.558695652173913,
      "auc": 0.6207261546360474,
      "n_train": 6580,
      "n_val": 4140
    }
  },
  "EXP-053 (adapter, w=0.05)": {
    "level_0": {
      "accuracy": 0.6369565217391304,
      "balanced_accuracy": 0.6369565217391304,
      "auc": 0.6867464818315481,
      "n_train": 6580,
      "n_val": 4140
    },
    "level_1": {
      "accuracy": 0.740096618357488,
      "balanced_accuracy": 0.740096618357488,